{"cameraMode":{"drawMode":0,"name":"Shaded","section":"Shading Mode"},"sceneLighting":false,"audioPlay":false,"sceneViewState":{"showFog":true,"showMaterialUpdate":false,"showSkybox":false,"showFlares":true,"showImageEffects":true,"showParticleSystems":true},"in2DMode":false,"pivot":{"x":23.818572998046876,"y":1.5978846549987794,"z":-26.130638122558595},"rotation":{"x":0.32000136375427248,"y":-0.5565280318260193,"z":0.24513086676597596,"w":0.7265024185180664},"size":0.12247446924448013,"orthographic":false}