{"cameraMode":{"drawMode":0,"name":"Shaded","section":"Shading Mode"},"sceneLighting":false,"audioPlay":false,"sceneViewState":{"showFog":true,"showMaterialUpdate":false,"showSkybox":false,"showFlares":true,"showImageEffects":true,"showParticleSystems":true},"in2DMode":false,"pivot":{"x":-14.687812805175782,"y":0.546844482421875,"z":22.45246124267578},"rotation":{"x":0.12050816416740418,"y":-0.8113183379173279,"z":0.18006233870983125,"w":0.5429825782775879},"size":0.6129195094108582,"orthographic":false}