{"cameraMode":{"drawMode":0,"name":"Shaded","section":"Shading Mode"},"sceneLighting":false,"audioPlay":false,"sceneViewState":{"showFog":true,"showMaterialUpdate":false,"showSkybox":false,"showFlares":true,"showImageEffects":true,"showParticleSystems":true},"in2DMode":false,"pivot":{"x":-0.3963671326637268,"y":1.1484357118606568,"z":0.3962644934654236},"rotation":{"x":0.21613216400146485,"y":0.06876691430807114,"z":-0.015279503539204598,"w":0.9738472104072571},"size":5.005521774291992,"orthographic":true}