{"cameraMode":{"drawMode":0,"name":"Shaded","section":"Shading Mode"},"sceneLighting":false,"audioPlay":false,"sceneViewState":{"showFog":true,"showMaterialUpdate":false,"showSkybox":false,"showFlares":true,"showImageEffects":true,"showParticleSystems":true},"in2DMode":false,"pivot":{"x":0.012810707092285157,"y":0.6291966438293457,"z":0.00028067827224731445},"rotation":{"x":-0.16931521892547608,"y":0.7594276666641235,"z":-0.21829168498516084,"w":-0.589033305644989},"size":1.0655453205108643,"orthographic":false}