{"cameraMode":{"drawMode":0,"name":"Shaded","section":"Shading Mode"},"sceneLighting":true,"audioPlay":false,"sceneViewState":{"showFog":true,"showMaterialUpdate":false,"showSkybox":true,"showFlares":true,"showImageEffects":true,"showParticleSystems":true},"in2DMode":false,"pivot":{"x":-7.512815952301025,"y":-2.753660202026367,"z":67.0797119140625},"rotation":{"x":0.07707110792398453,"y":-0.9228436350822449,"z":0.25988006591796877,"w":0.27367541193962099},"size":9.400012016296387,"orthographic":false}