{"cameraMode":{"drawMode":0,"name":"Shaded","section":"Shading Mode"},"sceneLighting":true,"audioPlay":false,"sceneViewState":{"showFog":true,"showMaterialUpdate":false,"showSkybox":true,"showFlares":true,"showImageEffects":true,"showParticleSystems":true},"in2DMode":false,"pivot":{"x":-4.368930816650391,"y":-3.9721603393554689,"z":40.87499237060547},"rotation":{"x":-0.1975840926170349,"y":-0.7973463535308838,"z":0.3497788608074188,"w":-0.4504115581512451},"size":24.340940475463868,"orthographic":false}