{"cameraMode":{"drawMode":0,"name":"Shaded","section":"Shading Mode"},"sceneLighting":true,"audioPlay":false,"sceneViewState":{"showFog":true,"showMaterialUpdate":false,"showSkybox":true,"showFlares":true,"showImageEffects":true,"showParticleSystems":true},"in2DMode":false,"pivot":{"x":13.193262100219727,"y":1.221221923828125,"z":39.06768798828125},"rotation":{"x":0.028532443568110467,"y":0.971233606338501,"z":-0.1776372492313385,"w":0.1560358703136444},"size":6.085448265075684,"orthographic":false}